{
  "version": "1.0",
  "timestamp": "2025-05-20T13:12:00.397Z",
  "displays": [
    {
      "width": 0.952,
      "height": 0.535,
      "distance": 0.7,
      "yaw": 0,
      "pitch": 0,
      "roll": 0,
      "x": 0,
      "y": 0.1,
      "z": 0.8,
      "nearestPoint": {
        "x": 0,
        "y": 0,
        "z": 0.8,
        "distance": -0.8,
        "normal": {
          "x": 0,
          "y": 0,
          "z": -1
        }
      }
    },
    {
      "width": 0.952,
      "height": 0.535,
      "distance": 0.7,
      "yaw": -47,
      "pitch": 0,
      "roll": 0,
      "x": 0.81,
      "y": 0.1,
      "z": 0.45,
      "nearestPoint": {
        "x": 0.6577032831748314,
        "y": 0,
        "z": 0.6133182337628008,
        "distance": -0.8992957603396525,
        "normal": {
          "x": -0.7313537016191706,
          "y": 0,
          "z": -0.6819983600624986
        }
      }
    },
    {
      "width": 0.952,
      "height": 0.535,
      "distance": 0.7,
      "yaw": 45,
      "pitch": 0,
      "roll": 0,
      "x": -0.82,
      "y": 0.1,
      "z": 0.46,
      "nearestPoint": {
        "x": -0.6399999999999999,
        "y": 0,
        "z": 0.64,
        "distance": -0.9050966799187807,
        "normal": {
          "x": 0.7071067811865475,
          "y": 0,
          "z": -0.7071067811865476
        }
      }
    }
  ]
}