{
  "version": "1.0",
  "timestamp": "2025-05-21T14:11:14.453Z",
  "displays": [
    {
      "width": 0.952,
      "height": 0.535,
      "distance": 0.7,
      "yaw": 0,
      "pitch": 0,
      "roll": 0,
      "x": 0,
      "y": -0.1,
      "z": 0.7,
      "showBorders": true,
      "borderWidthCm": 2,
      "borderColor": "black",
      "nearestPoint": {
        "x": 0,
        "y": 0,
        "z": 0.7,
        "distance": -0.7,
        "normal": {
          "x": 0,
          "y": 0,
          "z": -1
        }
      }
    },
    {
      "width": 0.952,
      "height": 0.535,
      "distance": 0.7,
      "yaw": -47,
      "pitch": 0,
      "roll": 0,
      "x": 0.82,
      "y": -0.1,
      "z": 0.35,
      "showBorders": true,
      "borderWidthCm": 2,
      "borderColor": "black",
      "nearestPoint": {
        "x": 0.6131738630305607,
        "y": 0,
        "z": 0.5717938777013061,
        "distance": -0.8384094613495943,
        "normal": {
          "x": -0.7313537016191706,
          "y": 0,
          "z": -0.6819983600624986
        }
      }
    },
    {
      "width": 0.952,
      "height": 0.535,
      "distance": 0.7,
      "yaw": 45,
      "pitch": 0,
      "roll": 0,
      "x": -0.82,
      "y": -0.1,
      "z": 0.35,
      "showBorders": true,
      "borderWidthCm": 2,
      "borderColor": "black",
      "nearestPoint": {
        "x": -0.585,
        "y": 0,
        "z": 0.5850000000000001,
        "distance": -0.8273149339882606,
        "normal": {
          "x": 0.7071067811865475,
          "y": 0,
          "z": -0.7071067811865476
        }
      }
    }
  ]
}